{
	"frames": {
		"ladder0.png": {
			"frame": {
				"x": 1,
				"y": 1,
				"w": 19,
				"h": 30
			},
			"rotated": false,
			"trimmed": false,
			"spriteSourceSize": {
				"x": 0,
				"y": 0,
				"w": 19,
				"h": 30
			},
			"sourceSize": {
				"w": 19,
				"h": 30
			}
		},
		"ladder1.png": {
			"frame": {
				"x": 22,
				"y": 1,
				"w": 19,
				"h": 30
			},
			"rotated": false,
			"trimmed": false,
			"spriteSourceSize": {
				"x": 0,
				"y": 0,
				"w": 19,
				"h": 30
			},
			"sourceSize": {
				"w": 19,
				"h": 30
			}
		},
		"player0.png": {
			"frame": {
				"x": 1,
				"y": 33,
				"w": 29,
				"h": 18
			},
			"rotated": false,
			"trimmed": false,
			"spriteSourceSize": {
				"x": 0,
				"y": 0,
				"w": 29,
				"h": 18
			},
			"sourceSize": {
				"w": 29,
				"h": 18
			}
		},
		"player1.png": {
			"frame": {
				"x": 32,
				"y": 33,
				"w": 29,
				"h": 18
			},
			"rotated": false,
			"trimmed": false,
			"spriteSourceSize": {
				"x": 0,
				"y": 0,
				"w": 29,
				"h": 18
			},
			"sourceSize": {
				"w": 29,
				"h": 18
			}
		},
		"player2.png": {
			"frame": {
				"x": 43,
				"y": 1,
				"w": 29,
				"h": 18
			},
			"rotated": false,
			"trimmed": false,
			"spriteSourceSize": {
				"x": 0,
				"y": 0,
				"w": 29,
				"h": 18
			},
			"sourceSize": {
				"w": 29,
				"h": 18
			}
		},
		"player3.png": {
			"frame": {
				"x": 63,
				"y": 21,
				"w": 29,
				"h": 18
			},
			"rotated": false,
			"trimmed": false,
			"spriteSourceSize": {
				"x": 0,
				"y": 0,
				"w": 29,
				"h": 18
			},
			"sourceSize": {
				"w": 29,
				"h": 18
			}
		},
		"player4.png": {
			"frame": {
				"x": 63,
				"y": 41,
				"w": 29,
				"h": 18
			},
			"rotated": false,
			"trimmed": false,
			"spriteSourceSize": {
				"x": 0,
				"y": 0,
				"w": 29,
				"h": 18
			},
			"sourceSize": {
				"w": 29,
				"h": 18
			}
		}
	},
	"meta": {
		"app": "http://www.codeandweb.com/texturepacker",
		"version": "1.0",
		"image": "spritesheet.png",
		"format": "RGBA8888",
		"size": {
			"w": 93,
			"h": 60
		},
		"scale": "1"
	}
}