{
    "platforms": [
        {
            "type": "Platform",
            "x": 68,
            "y": 204,
            "width": 460,
            "height": 30,
            "color": [
                0,
                0,
                0
            ]
        },
        {
            "type": "Platform",
            "x": 304,
            "y": 138,
            "width": 18,
            "height": 67,
            "color": [
                0,
                0,
                0
            ]
        },
        {
            "type": "Platform",
            "x": 220,
            "y": 51,
            "width": 14,
            "height": 72,
            "color": [
                0,
                0,
                0
            ]
        },
        {
            "type": "Platform",
            "x": 120,
            "y": 83,
            "width": 13,
            "height": 75,
            "color": [
                0,
                0,
                0
            ]
        },
        {
            "type": "Platform",
            "x": 172,
            "y": 87,
            "width": 11,
            "height": 75,
            "color": [
                0,
                0,
                0
            ]
        },
        {
            "type": "LadderPlatform",
            "x": 262,
            "y": 84,
            "width": 10,
            "height": 66,
            "color": [
                0,
                255,
                0
            ]
        },
        {
            "type": "DeadlyPlatform",
            "x": 166,
            "y": 78,
            "width": 22,
            "height": 11,
            "color": [
                255,
                0,
                0
            ]
        },
        {
            "type": "SlipperyPlatform",
            "x": 295,
            "y": 123,
            "width": 31,
            "height": 14,
            "color": [
                0,
                0,
                255
            ]
        },
        {
            "type": "SlipperyPlatform",
            "x": 213,
            "y": 39,
            "width": 26,
            "height": 12,
            "color": [
                0,
                0,
                255
            ]
        }
    ],
    "world_width": 1000,
    "world_height": 400,
    "player_spawn": [
        411,
        174
    ]
}