{
    "platforms": [
        {
            "type": "Platform",
            "x": 30,
            "y": 140,
            "width": 330,
            "height": 50,
            "color": [
                0,
                0,
                0
            ]
        }
    ],
    "world_width": 400,
    "world_height": 200,
    "player_spawn": [
        46.0,
        119.5
    ],
    "gun_spawn": [
        252.0,
        84.5
    ],
    "enemy_spawns": [
        [
            166.5,
            128.5
        ],
        [
            215.0,
            110.0
        ],
        [
            235.5,
            136.5
        ],
        [
            260.0,
            98.0
        ],
        [
            274.0,
            111.5
        ],
        [
            304.5,
            68.0
        ],
        [
            236.5,
            43.0
        ],
        [
            260.5,
            72.0
        ],
        [
            299.0,
            76.0
        ],
        [
            315.5,
            114.0
        ],
        [
            224.5,
            88.5
        ],
        [
            230.5,
            58.0
        ]
    ]
}