{
    "platforms": [
        {
            "type": "Platform",
            "x": 10,
            "y": 810,
            "width": 390,
            "height": 20,
            "color": [
                0,
                0,
                0
            ]
        },
        {
            "type": "Platform",
            "x": 0,
            "y": 540,
            "width": 30,
            "height": 290,
            "color": [
                0,
                0,
                0
            ]
        },
        {
            "type": "LadderPlatform",
            "x": 120,
            "y": 610,
            "width": 10,
            "height": 190,
            "color": [
                0,
                255,
                0
            ]
        },
        {
            "type": "Platform",
            "x": 130,
            "y": 610,
            "width": 60,
            "height": 20,
            "color": [
                0,
                0,
                0
            ]
        },
        {
            "type": "SlipperyPlatform",
            "x": 200,
            "y": 610,
            "width": 200,
            "height": 20,
            "color": [
                0,
                0,
                255
            ]
        },
        {
            "type": "SlipperyPlatform",
            "x": 470,
            "y": 610,
            "width": 60,
            "height": 20,
            "color": [
                0,
                0,
                255
            ]
        },
        {
            "type": "DeadlyPlatform",
            "x": 350,
            "y": 640,
            "width": 320,
            "height": 20,
            "color": [
                255,
                0,
                0
            ]
        },
        {
            "type": "Platform",
            "x": 420,
            "y": 690,
            "width": 40,
            "height": 80,
            "color": [
                0,
                0,
                0
            ]
        },
        {
            "type": "SlipperyPlatform",
            "x": 400,
            "y": 810,
            "width": 310,
            "height": 20,
            "color": [
                0,
                0,
                255
            ]
        },
        {
            "type": "LadderPlatform",
            "x": 690,
            "y": 700,
            "width": 10,
            "height": 70,
            "color": [
                0,
                255,
                0
            ]
        },
        {
            "type": "Platform",
            "x": 710,
            "y": 670,
            "width": 120,
            "height": 30,
            "color": [
                0,
                0,
                0
            ]
        },
        {
            "type": "Platform",
            "x": 840,
            "y": 620,
            "width": 120,
            "height": 30,
            "color": [
                0,
                0,
                0
            ]
        },
        {
            "type": "Platform",
            "x": 940,
            "y": 570,
            "width": 120,
            "height": 30,
            "color": [
                0,
                0,
                0
            ]
        },
        {
            "type": "LadderPlatform",
            "x": 1090,
            "y": 510,
            "width": 10,
            "height": 480,
            "color": [
                0,
                255,
                0
            ]
        },
        {
            "type": "DeadlyPlatform",
            "x": 1130,
            "y": 420,
            "width": 70,
            "height": 130,
            "color": [
                255,
                0,
                0
            ]
        },
        {
            "type": "SlipperyPlatform",
            "x": 1150,
            "y": 770,
            "width": 100,
            "height": 20,
            "color": [
                0,
                0,
                255
            ]
        },
        {
            "type": "Platform",
            "x": 1340,
            "y": 830,
            "width": 100,
            "height": 20,
            "color": [
                0,
                0,
                0
            ]
        },
        {
            "type": "Platform",
            "x": 1430,
            "y": 720,
            "width": 120,
            "height": 10,
            "color": [
                0,
                0,
                0
            ]
        },
        {
            "type": "TeleporterPlatform",
            "x": 330,
            "y": 500,
            "width": 40,
            "height": 60,
            "color": [
                148,
                0,
                211
            ],
            "pair_id": 0
        },
        {
            "type": "TeleporterPlatform",
            "x": 570,
            "y": 460,
            "width": 40,
            "height": 60,
            "color": [
                148,
                0,
                211
            ],
            "pair_id": 0
        },
        {
            "type": "TeleporterPlatform",
            "x": 150,
            "y": 360,
            "width": 40,
            "height": 60,
            "color": [
                148,
                0,
                211
            ],
            "pair_id": 1
        },
        {
            "type": "TeleporterPlatform",
            "x": 820,
            "y": 440,
            "width": 40,
            "height": 60,
            "color": [
                148,
                0,
                211
            ],
            "pair_id": 1
        },
        {
            "type": "TeleporterPlatform",
            "x": 580,
            "y": 560,
            "width": 40,
            "height": 60,
            "color": [
                148,
                0,
                211
            ],
            "pair_id": 2
        },
        {
            "type": "TeleporterPlatform",
            "x": 970,
            "y": 460,
            "width": 40,
            "height": 60,
            "color": [
                148,
                0,
                211
            ],
            "pair_id": 2
        }
    ],
    "world_width": 2000,
    "world_height": 1000,
    "player_spawn": [
        75.07849871973468,
        780.1071544931408
    ],
    "gun_spawn": [
        456.662875436088,
        548.6728431710922
    ],
    "enemy_spawns": [
        [
            226.35751197414697,
            776.7203109128181
        ],
        [
            1478.4207791070958,
            710.1026551668751
        ],
        [
            562.2805058803317,
            751.68518407398
        ],
        [
            362.95462524526397,
            714.3645936572013
        ],
        [
            278.13510157076706,
            718.6055698409263
        ],
        [
            742.9460913070102,
            649.9017556645838
        ],
        [
            767.5437531726143,
            549.8147177286774
        ]
    ],
    "enemy_types": [
        "GroundEnemy",
        "ShooterEnemy",
        "FlyingEnemy",
        "TankEnemy",
        "GroundEnemy",
        "ShooterEnemy",
        "FlyingEnemy"
    ]
}